"material_type","county","material_tons_generated_sum_of_all_streams"
"PETE Plastic Containers","Alameda (Countywide)",6748.67504854198
"HDPE Plastic Containers","Alameda (Countywide)",4265.4182102255
"Miscellaneous Plastic Containers","Alameda (Countywide)",4119.46585748948
"Plastic Trash Bags","Alameda (Countywide)",14896.9024607405
"Plastic Grocery and Other Merchandise Bags","Alameda (Countywide)",2500.34970288588
"Non-Bag Commercial and Industrial Packaging Film","Alameda (Countywide)",5568.30618927727
"Film Products","Alameda (Countywide)",306.882727003712
"Other Film - Other","Alameda (Countywide)",17793.5024285069
"Durable Plastic Items - #2 and #5 Bulky Rigids","Alameda (Countywide)",2571.1065381054
"Durable Plastic Items - Other","Alameda (Countywide)",8185.16937320115
"Remainder / Composite Plastic","Alameda (Countywide)",32828.8270336048
"PETE Plastic Containers","Alpine (Countywide)",4.47079792725382
"HDPE Plastic Containers","Alpine (Countywide)",2.77918002976351
"Miscellaneous Plastic Containers","Alpine (Countywide)",2.3232379155285
"Plastic Trash Bags","Alpine (Countywide)",6.72243619968336
"Plastic Grocery and Other Merchandise Bags","Alpine (Countywide)",1.86430483741032
"Non-Bag Commercial and Industrial Packaging Film","Alpine (Countywide)",1.12608756319318
"Film Products","Alpine (Countywide)",0.0457249553273409
"Other Film - Other","Alpine (Countywide)",7.30055630931445
"Durable Plastic Items - #2 and #5 Bulky Rigids","Alpine (Countywide)",1.64826548582999
"Durable Plastic Items - Other","Alpine (Countywide)",4.26541513799597
"Remainder / Composite Plastic","Alpine (Countywide)",14.4801092645237
"PETE Plastic Containers","Amador (Countywide)",86.419222260849
"HDPE Plastic Containers","Amador (Countywide)",57.5562537184417
"Miscellaneous Plastic Containers","Amador (Countywide)",47.6840601113618
"Plastic Trash Bags","Amador (Countywide)",193.703780693125
"Plastic Grocery and Other Merchandise Bags","Amador (Countywide)",30.8216061903405
"Non-Bag Commercial and Industrial Packaging Film","Amador (Countywide)",68.3699923136072
"Film Products","Amador (Countywide)",7.7224973075136
"Other Film - Other","Amador (Countywide)",224.867987048521
"Durable Plastic Items - #2 and #5 Bulky Rigids","Amador (Countywide)",30.2667434005387
"Durable Plastic Items - Other","Amador (Countywide)",105.164276428454
"Remainder / Composite Plastic","Amador (Countywide)",392.319142977157
"PETE Plastic Containers","Butte (Countywide)",844.872385160032
"HDPE Plastic Containers","Butte (Countywide)",532.073555273842
"Miscellaneous Plastic Containers","Butte (Countywide)",445.551219117576
"Plastic Trash Bags","Butte (Countywide)",1757.91319494184
"Plastic Grocery and Other Merchandise Bags","Butte (Countywide)",318.950794698852
"Non-Bag Commercial and Industrial Packaging Film","Butte (Countywide)",523.161566061214
"Film Products","Butte (Countywide)",37.9714926422046
"Other Film - Other","Butte (Countywide)",2074.35429742781
"Durable Plastic Items - #2 and #5 Bulky Rigids","Butte (Countywide)",284.877351301288
"Durable Plastic Items - Other","Butte (Countywide)",921.968492271001
"Remainder / Composite Plastic","Butte (Countywide)",3538.21666325437
"PETE Plastic Containers","Calaveras (Countywide)",83.7244809792979
"HDPE Plastic Containers","Calaveras (Countywide)",49.9911691074315
"Miscellaneous Plastic Containers","Calaveras (Countywide)",41.9850742837407
"Plastic Trash Bags","Calaveras (Countywide)",174.151894502428
"Plastic Grocery and Other Merchandise Bags","Calaveras (Countywide)",27.6079867969001
"Non-Bag Commercial and Industrial Packaging Film","Calaveras (Countywide)",46.7471471827254
"Film Products","Calaveras (Countywide)",7.03847665185518
"Other Film - Other","Calaveras (Countywide)",196.974093844621
"Durable Plastic Items - #2 and #5 Bulky Rigids","Calaveras (Countywide)",25.7825511234539
"Durable Plastic Items - Other","Calaveras (Countywide)",78.1054031459489
"Remainder / Composite Plastic","Calaveras (Countywide)",329.27898274474
"PETE Plastic Containers","Colusa (Countywide)",63.412961014942
"HDPE Plastic Containers","Colusa (Countywide)",41.1665038454948
"Miscellaneous Plastic Containers","Colusa (Countywide)",37.8870313392992
"Plastic Trash Bags","Colusa (Countywide)",153.002226297929
"Plastic Grocery and Other Merchandise Bags","Colusa (Countywide)",19.9172235212792
"Non-Bag Commercial and Industrial Packaging Film","Colusa (Countywide)",117.22004441625
"Film Products","Colusa (Countywide)",4.16614199997672
"Other Film - Other","Colusa (Countywide)",235.050172072853
"Durable Plastic Items - #2 and #5 Bulky Rigids","Colusa (Countywide)",31.1253108332458
"Durable Plastic Items - Other","Colusa (Countywide)",72.0600726429831
"Remainder / Composite Plastic","Colusa (Countywide)",283.600753634343
"PETE Plastic Containers","Contra Costa (Countywide)",3392.2933703141
"HDPE Plastic Containers","Contra Costa (Countywide)",2237.04211424399
"Miscellaneous Plastic Containers","Contra Costa (Countywide)",2002.15637594501
"Plastic Trash Bags","Contra Costa (Countywide)",7681.64946369295
"Plastic Grocery and Other Merchandise Bags","Contra Costa (Countywide)",1248.63502823758
"Non-Bag Commercial and Industrial Packaging Film","Contra Costa (Countywide)",2407.38962948484
"Film Products","Contra Costa (Countywide)",181.679918393845
"Other Film - Other","Contra Costa (Countywide)",8794.14741167773
"Durable Plastic Items - #2 and #5 Bulky Rigids","Contra Costa (Countywide)",1239.35460040596
"Durable Plastic Items - Other","Contra Costa (Countywide)",4056.52060251586
"Remainder / Composite Plastic","Contra Costa (Countywide)",16457.680690512
"PETE Plastic Containers","Del Norte (Countywide)",86.0791768224726
"HDPE Plastic Containers","Del Norte (Countywide)",52.3588858533366
"Miscellaneous Plastic Containers","Del Norte (Countywide)",43.8875050769317
"Plastic Trash Bags","Del Norte (Countywide)",164.035244656447
"Plastic Grocery and Other Merchandise Bags","Del Norte (Countywide)",34.6200202838353
"Non-Bag Commercial and Industrial Packaging Film","Del Norte (Countywide)",36.1251414041593
"Film Products","Del Norte (Countywide)",3.88324879521345
"Other Film - Other","Del Norte (Countywide)",185.573288769817
"Durable Plastic Items - #2 and #5 Bulky Rigids","Del Norte (Countywide)",25.9990248611936
"Durable Plastic Items - Other","Del Norte (Countywide)",89.9456807642453
"Remainder / Composite Plastic","Del Norte (Countywide)",326.721077600648
"PETE Plastic Containers","El Dorado (Countywide)",503.716337680982
"HDPE Plastic Containers","El Dorado (Countywide)",322.790082833885
"Miscellaneous Plastic Containers","El Dorado (Countywide)",277.186660842132
"Plastic Trash Bags","El Dorado (Countywide)",1191.2809473806
"Plastic Grocery and Other Merchandise Bags","El Dorado (Countywide)",160.099671918939
"Non-Bag Commercial and Industrial Packaging Film","El Dorado (Countywide)",329.722258399373
"Film Products","El Dorado (Countywide)",32.0260441128113
"Other Film - Other","El Dorado (Countywide)",1284.53212362319
"Durable Plastic Items - #2 and #5 Bulky Rigids","El Dorado (Countywide)",171.939230676019
"Durable Plastic Items - Other","El Dorado (Countywide)",560.811528183762
"Remainder / Composite Plastic","El Dorado (Countywide)",2452.69566362823
"PETE Plastic Containers","Fresno (Countywide)",3029.79210715508
"HDPE Plastic Containers","Fresno (Countywide)",1929.29686974266
"Miscellaneous Plastic Containers","Fresno (Countywide)",1657.23144385789
"Plastic Trash Bags","Fresno (Countywide)",6965.73462659475
"Plastic Grocery and Other Merchandise Bags","Fresno (Countywide)",1082.27195430189
"Non-Bag Commercial and Industrial Packaging Film","Fresno (Countywide)",2923.14763000871
"Film Products","Fresno (Countywide)",177.612286601057
"Other Film - Other","Fresno (Countywide)",8487.21770972812
"Durable Plastic Items - #2 and #5 Bulky Rigids","Fresno (Countywide)",1139.960428647
"Durable Plastic Items - Other","Fresno (Countywide)",3703.6767417107
"Remainder / Composite Plastic","Fresno (Countywide)",14092.350745867
"PETE Plastic Containers","Glenn (Countywide)",73.4610426286784
"HDPE Plastic Containers","Glenn (Countywide)",43.6070294002603
"Miscellaneous Plastic Containers","Glenn (Countywide)",37.272917733764
"Plastic Trash Bags","Glenn (Countywide)",149.471849792089
"Plastic Grocery and Other Merchandise Bags","Glenn (Countywide)",27.3683764452891
"Non-Bag Commercial and Industrial Packaging Film","Glenn (Countywide)",74.818767049935
"Film Products","Glenn (Countywide)",4.89249604703591
"Other Film - Other","Glenn (Countywide)",189.237353405918
"Durable Plastic Items - #2 and #5 Bulky Rigids","Glenn (Countywide)",25.7047059923789
"Durable Plastic Items - Other","Glenn (Countywide)",88.8936024227943
"Remainder / Composite Plastic","Glenn (Countywide)",303.792376138606
"PETE Plastic Containers","Humboldt (Countywide)",480.331997174938
"HDPE Plastic Containers","Humboldt (Countywide)",295.684203948958
"Miscellaneous Plastic Containers","Humboldt (Countywide)",242.518578060089
"Plastic Trash Bags","Humboldt (Countywide)",1008.85896520526
"Plastic Grocery and Other Merchandise Bags","Humboldt (Countywide)",170.354749064968
"Non-Bag Commercial and Industrial Packaging Film","Humboldt (Countywide)",305.08702263905
"Film Products","Humboldt (Countywide)",30.5577291188093
"Other Film - Other","Humboldt (Countywide)",1169.6645571647
"Durable Plastic Items - #2 and #5 Bulky Rigids","Humboldt (Countywide)",153.174874360372
"Durable Plastic Items - Other","Humboldt (Countywide)",515.417119957779
"Remainder / Composite Plastic","Humboldt (Countywide)",1987.97111262936
"PETE Plastic Containers","Imperial (Countywide)",546.323601125027
"HDPE Plastic Containers","Imperial (Countywide)",328.322125423719
"Miscellaneous Plastic Containers","Imperial (Countywide)",266.939363119455
"Plastic Trash Bags","Imperial (Countywide)",1153.6859829417
"Plastic Grocery and Other Merchandise Bags","Imperial (Countywide)",211.880802187081
"Non-Bag Commercial and Industrial Packaging Film","Imperial (Countywide)",430.955292678104
"Film Products","Imperial (Countywide)",30.4972412112533
"Other Film - Other","Imperial (Countywide)",1354.38521520657
"Durable Plastic Items - #2 and #5 Bulky Rigids","Imperial (Countywide)",181.083730237376
"Durable Plastic Items - Other","Imperial (Countywide)",695.078350961824
"Remainder / Composite Plastic","Imperial (Countywide)",2289.44774817975
"PETE Plastic Containers","Inyo (Countywide)",99.7129396484803
"HDPE Plastic Containers","Inyo (Countywide)",59.76385436264
"Miscellaneous Plastic Containers","Inyo (Countywide)",47.755440531166
"Plastic Trash Bags","Inyo (Countywide)",193.499410042306
"Plastic Grocery and Other Merchandise Bags","Inyo (Countywide)",35.2138839819129
"Non-Bag Commercial and Industrial Packaging Film","Inyo (Countywide)",49.3162047783823
"Film Products","Inyo (Countywide)",4.37664192384724
"Other Film - Other","Inyo (Countywide)",220.462676914007
"Durable Plastic Items - #2 and #5 Bulky Rigids","Inyo (Countywide)",31.0065846127285
"Durable Plastic Items - Other","Inyo (Countywide)",93.632009313987
"Remainder / Composite Plastic","Inyo (Countywide)",364.897452057769
"PETE Plastic Containers","Kern (Countywide)",2360.91965006055
"HDPE Plastic Containers","Kern (Countywide)",1527.15524340133
"Miscellaneous Plastic Containers","Kern (Countywide)",1247.75981421785
"Plastic Trash Bags","Kern (Countywide)",5510.92927719402
"Plastic Grocery and Other Merchandise Bags","Kern (Countywide)",847.004525480388
"Non-Bag Commercial and Industrial Packaging Film","Kern (Countywide)",2271.59464292905
"Film Products","Kern (Countywide)",169.920969760649
"Other Film - Other","Kern (Countywide)",6339.82743326049
"Durable Plastic Items - #2 and #5 Bulky Rigids","Kern (Countywide)",818.232642820815
"Durable Plastic Items - Other","Kern (Countywide)",3131.5463842318
"Remainder / Composite Plastic","Kern (Countywide)",11079.4621552586
"PETE Plastic Containers","Kings (Countywide)",357.553862643824
"HDPE Plastic Containers","Kings (Countywide)",220.649700764088
"Miscellaneous Plastic Containers","Kings (Countywide)",188.792829854477
"Plastic Trash Bags","Kings (Countywide)",835.424224920313
"Plastic Grocery and Other Merchandise Bags","Kings (Countywide)",117.723143302403
"Non-Bag Commercial and Industrial Packaging Film","Kings (Countywide)",415.98037503754
"Film Products","Kings (Countywide)",21.3400096116224
"Other Film - Other","Kings (Countywide)",1081.23046423004
"Durable Plastic Items - #2 and #5 Bulky Rigids","Kings (Countywide)",137.41734933786
"Durable Plastic Items - Other","Kings (Countywide)",426.33752221173
"Remainder / Composite Plastic","Kings (Countywide)",1642.78183614064
"PETE Plastic Containers","Lake (Countywide)",203.720218954885
"HDPE Plastic Containers","Lake (Countywide)",109.098615134235
"Miscellaneous Plastic Containers","Lake (Countywide)",102.113354912478
"Plastic Trash Bags","Lake (Countywide)",354.625440215778
"Plastic Grocery and Other Merchandise Bags","Lake (Countywide)",82.5027913323808
"Non-Bag Commercial and Industrial Packaging Film","Lake (Countywide)",93.0050707426712
"Film Products","Lake (Countywide)",13.3979319739628
"Other Film - Other","Lake (Countywide)",424.527688979192
"Durable Plastic Items - #2 and #5 Bulky Rigids","Lake (Countywide)",61.6819069417251
"Durable Plastic Items - Other","Lake (Countywide)",200.54526008953
"Remainder / Composite Plastic","Lake (Countywide)",742.374462761119
"PETE Plastic Containers","Lassen (Countywide)",78.3042261359554
"HDPE Plastic Containers","Lassen (Countywide)",53.3510027885448
"Miscellaneous Plastic Containers","Lassen (Countywide)",38.9529327068885
"Plastic Trash Bags","Lassen (Countywide)",151.869088210701
"Plastic Grocery and Other Merchandise Bags","Lassen (Countywide)",30.4714357842664
"Non-Bag Commercial and Industrial Packaging Film","Lassen (Countywide)",37.3914947599265
"Film Products","Lassen (Countywide)",4.15023105443242
"Other Film - Other","Lassen (Countywide)",168.185432869487
"Durable Plastic Items - #2 and #5 Bulky Rigids","Lassen (Countywide)",25.9159988695621
"Durable Plastic Items - Other","Lassen (Countywide)",88.3246057696238
"Remainder / Composite Plastic","Lassen (Countywide)",288.536486401794
"PETE Plastic Containers","Los Angeles (Countywide)",44474.509115388
"HDPE Plastic Containers","Los Angeles (Countywide)",27941.1778874966
"Miscellaneous Plastic Containers","Los Angeles (Countywide)",25679.0398759435
"Plastic Trash Bags","Los Angeles (Countywide)",93586.6583806695
"Plastic Grocery and Other Merchandise Bags","Los Angeles (Countywide)",16905.9371327196
"Non-Bag Commercial and Industrial Packaging Film","Los Angeles (Countywide)",33147.5510109845
"Film Products","Los Angeles (Countywide)",1965.71564474583
"Other Film - Other","Los Angeles (Countywide)",112407.911362746
"Durable Plastic Items - #2 and #5 Bulky Rigids","Los Angeles (Countywide)",16349.2186851871
"Durable Plastic Items - Other","Los Angeles (Countywide)",51577.9039160882
"Remainder / Composite Plastic","Los Angeles (Countywide)",204175.222087559
"PETE Plastic Containers","Madera (Countywide)",328.537550093952
"HDPE Plastic Containers","Madera (Countywide)",214.094747699384
"Miscellaneous Plastic Containers","Madera (Countywide)",168.277980871892
"Plastic Trash Bags","Madera (Countywide)",785.203881928625
"Plastic Grocery and Other Merchandise Bags","Madera (Countywide)",112.96246090925
"Non-Bag Commercial and Industrial Packaging Film","Madera (Countywide)",298.130260737409
"Film Products","Madera (Countywide)",27.0089324345912
"Other Film - Other","Madera (Countywide)",853.497007346703
"Durable Plastic Items - #2 and #5 Bulky Rigids","Madera (Countywide)",110.68617898399
"Durable Plastic Items - Other","Madera (Countywide)",419.852089310626
"Remainder / Composite Plastic","Madera (Countywide)",1509.24645729653
"PETE Plastic Containers","Marin (Countywide)",1138.62803799461
"HDPE Plastic Containers","Marin (Countywide)",753.149740198848
"Miscellaneous Plastic Containers","Marin (Countywide)",655.19571313767
"Plastic Trash Bags","Marin (Countywide)",2606.72716678245
"Plastic Grocery and Other Merchandise Bags","Marin (Countywide)",404.666830295496
"Non-Bag Commercial and Industrial Packaging Film","Marin (Countywide)",794.153329039957
"Film Products","Marin (Countywide)",66.0052026197909
"Other Film - Other","Marin (Countywide)",2969.42546865648
"Durable Plastic Items - #2 and #5 Bulky Rigids","Marin (Countywide)",416.99597720119
"Durable Plastic Items - Other","Marin (Countywide)",1332.21349631494
"Remainder / Composite Plastic","Marin (Countywide)",5479.62410338799
"PETE Plastic Containers","Mariposa (Countywide)",80.7929235243087
"HDPE Plastic Containers","Mariposa (Countywide)",43.9179668763358
"Miscellaneous Plastic Containers","Mariposa (Countywide)",33.3111370843723
"Plastic Trash Bags","Mariposa (Countywide)",132.69327544844
"Plastic Grocery and Other Merchandise Bags","Mariposa (Countywide)",26.1504182971997
"Non-Bag Commercial and Industrial Packaging Film","Mariposa (Countywide)",17.4317265842822
"Film Products","Mariposa (Countywide)",3.11991503141671
"Other Film - Other","Mariposa (Countywide)",138.47325246052
"Durable Plastic Items - #2 and #5 Bulky Rigids","Mariposa (Countywide)",21.8361320922647
"Durable Plastic Items - Other","Mariposa (Countywide)",51.7176187828647
"Remainder / Composite Plastic","Mariposa (Countywide)",221.111033750532
"PETE Plastic Containers","Mendocino (Countywide)",327.660993402588
"HDPE Plastic Containers","Mendocino (Countywide)",197.604654299041
"Miscellaneous Plastic Containers","Mendocino (Countywide)",168.461390748863
"Plastic Trash Bags","Mendocino (Countywide)",691.223290650445
"Plastic Grocery and Other Merchandise Bags","Mendocino (Countywide)",112.597725000351
"Non-Bag Commercial and Industrial Packaging Film","Mendocino (Countywide)",243.673926113869
"Film Products","Mendocino (Countywide)",24.608163257375
"Other Film - Other","Mendocino (Countywide)",833.998549887433
"Durable Plastic Items - #2 and #5 Bulky Rigids","Mendocino (Countywide)",111.349027809296
"Durable Plastic Items - Other","Mendocino (Countywide)",337.677002276653
"Remainder / Composite Plastic","Mendocino (Countywide)",1345.99000661869
"PETE Plastic Containers","Merced (Countywide)",638.545660701647
"HDPE Plastic Containers","Merced (Countywide)",368.652718812953
"Miscellaneous Plastic Containers","Merced (Countywide)",332.485959045809
"Plastic Trash Bags","Merced (Countywide)",1383.8510336964
"Plastic Grocery and Other Merchandise Bags","Merced (Countywide)",214.101034039035
"Non-Bag Commercial and Industrial Packaging Film","Merced (Countywide)",802.225975633157
"Film Products","Merced (Countywide)",42.4767680899349
"Other Film - Other","Merced (Countywide)",1911.25756182736
"Durable Plastic Items - #2 and #5 Bulky Rigids","Merced (Countywide)",246.266841576825
"Durable Plastic Items - Other","Merced (Countywide)",736.012016247456
"Remainder / Composite Plastic","Merced (Countywide)",2765.10657582287
"PETE Plastic Containers","Modoc (Countywide)",27.8816044738785
"HDPE Plastic Containers","Modoc (Countywide)",17.3788047443234
"Miscellaneous Plastic Containers","Modoc (Countywide)",14.611314400156
"Plastic Trash Bags","Modoc (Countywide)",55.3785229032015
"Plastic Grocery and Other Merchandise Bags","Modoc (Countywide)",10.5108662985091
"Non-Bag Commercial and Industrial Packaging Film","Modoc (Countywide)",18.3880149432682
"Film Products","Modoc (Countywide)",1.90471060937645
"Other Film - Other","Modoc (Countywide)",63.9691864721866
"Durable Plastic Items - #2 and #5 Bulky Rigids","Modoc (Countywide)",9.61074609611752
"Durable Plastic Items - Other","Modoc (Countywide)",30.9345080270799
"Remainder / Composite Plastic","Modoc (Countywide)",110.20396284581
"PETE Plastic Containers","Mono (Countywide)",99.8101475373831
"HDPE Plastic Containers","Mono (Countywide)",58.2310588645497
"Miscellaneous Plastic Containers","Mono (Countywide)",43.0205630562423
"Plastic Trash Bags","Mono (Countywide)",185.885403112516
"Plastic Grocery and Other Merchandise Bags","Mono (Countywide)",31.6630005219128
"Non-Bag Commercial and Industrial Packaging Film","Mono (Countywide)",26.8729667711161
"Film Products","Mono (Countywide)",3.16829574266591
"Other Film - Other","Mono (Countywide)",197.50662294989
"Durable Plastic Items - #2 and #5 Bulky Rigids","Mono (Countywide)",27.4344464207138
"Durable Plastic Items - Other","Mono (Countywide)",72.5991378470237
"Remainder / Composite Plastic","Mono (Countywide)",317.766892135364
"PETE Plastic Containers","Monterey (Countywide)",1520.56002993315
"HDPE Plastic Containers","Monterey (Countywide)",953.849026915285
"Miscellaneous Plastic Containers","Monterey (Countywide)",760.255888001649
"Plastic Trash Bags","Monterey (Countywide)",3442.78210762423
"Plastic Grocery and Other Merchandise Bags","Monterey (Countywide)",525.372805273572
"Non-Bag Commercial and Industrial Packaging Film","Monterey (Countywide)",1321.98016606303
"Film Products","Monterey (Countywide)",105.186304044784
"Other Film - Other","Monterey (Countywide)",3930.6443387896
"Durable Plastic Items - #2 and #5 Bulky Rigids","Monterey (Countywide)",499.16863906497
"Durable Plastic Items - Other","Monterey (Countywide)",1826.87095915387
"Remainder / Composite Plastic","Monterey (Countywide)",6600.89195715796
"PETE Plastic Containers","Napa (Countywide)",675.942764018296
"HDPE Plastic Containers","Napa (Countywide)",436.06392461027
"Miscellaneous Plastic Containers","Napa (Countywide)",374.640417182534
"Plastic Trash Bags","Napa (Countywide)",1552.48605880617
"Plastic Grocery and Other Merchandise Bags","Napa (Countywide)",203.308299448211
"Non-Bag Commercial and Industrial Packaging Film","Napa (Countywide)",828.776589806518
"Film Products","Napa (Countywide)",41.8371761629101
"Other Film - Other","Napa (Countywide)",2138.94214212068
"Durable Plastic Items - #2 and #5 Bulky Rigids","Napa (Countywide)",296.50993959971
"Durable Plastic Items - Other","Napa (Countywide)",657.864927147721
"Remainder / Composite Plastic","Napa (Countywide)",2888.68026010137
"PETE Plastic Containers","Nevada (Countywide)",281.221651810381
"HDPE Plastic Containers","Nevada (Countywide)",178.938636388409
"Miscellaneous Plastic Containers","Nevada (Countywide)",151.620225014899
"Plastic Trash Bags","Nevada (Countywide)",635.386202226969
"Plastic Grocery and Other Merchandise Bags","Nevada (Countywide)",92.5637538220933
"Non-Bag Commercial and Industrial Packaging Film","Nevada (Countywide)",164.881832383972
"Film Products","Nevada (Countywide)",21.3466895103264
"Other Film - Other","Nevada (Countywide)",693.574625029037
"Durable Plastic Items - #2 and #5 Bulky Rigids","Nevada (Countywide)",89.4039726028665
"Durable Plastic Items - Other","Nevada (Countywide)",294.636375158793
"Remainder / Composite Plastic","Nevada (Countywide)",1225.29746287319
"PETE Plastic Containers","Orange (Countywide)",14549.5651670527
"HDPE Plastic Containers","Orange (Countywide)",9376.07051683997
"Miscellaneous Plastic Containers","Orange (Countywide)",8880.74436734591
"Plastic Trash Bags","Orange (Countywide)",33512.4724511161
"Plastic Grocery and Other Merchandise Bags","Orange (Countywide)",5225.34152072682
"Non-Bag Commercial and Industrial Packaging Film","Orange (Countywide)",11379.1229019121
"Film Products","Orange (Countywide)",618.855095417153
"Other Film - Other","Orange (Countywide)",38541.1234276317
"Durable Plastic Items - #2 and #5 Bulky Rigids","Orange (Countywide)",5442.58444697773
"Durable Plastic Items - Other","Orange (Countywide)",17983.4849476956
"Remainder / Composite Plastic","Orange (Countywide)",74319.8904374789
"PETE Plastic Containers","Placer (Countywide)",1377.64333990177
"HDPE Plastic Containers","Placer (Countywide)",921.965005411556
"Miscellaneous Plastic Containers","Placer (Countywide)",782.700665630978
"Plastic Trash Bags","Placer (Countywide)",3338.57529867997
"Plastic Grocery and Other Merchandise Bags","Placer (Countywide)",480.072768759391
"Non-Bag Commercial and Industrial Packaging Film","Placer (Countywide)",981.480956905594
"Film Products","Placer (Countywide)",71.9902993077094
"Other Film - Other","Placer (Countywide)",3721.69508886073
"Durable Plastic Items - #2 and #5 Bulky Rigids","Placer (Countywide)",475.047493488056
"Durable Plastic Items - Other","Placer (Countywide)",1750.79816317013
"Remainder / Composite Plastic","Placer (Countywide)",6898.38075601696
"PETE Plastic Containers","Plumas (Countywide)",58.8670716258001
"HDPE Plastic Containers","Plumas (Countywide)",36.1810585600667
"Miscellaneous Plastic Containers","Plumas (Countywide)",30.5415949789427
"Plastic Trash Bags","Plumas (Countywide)",120.979059362346
"Plastic Grocery and Other Merchandise Bags","Plumas (Countywide)",21.3563482617221
"Non-Bag Commercial and Industrial Packaging Film","Plumas (Countywide)",29.9071823060025
"Film Products","Plumas (Countywide)",3.90472609106147
"Other Film - Other","Plumas (Countywide)",130.72547127855
"Durable Plastic Items - #2 and #5 Bulky Rigids","Plumas (Countywide)",18.2048464516544
"Durable Plastic Items - Other","Plumas (Countywide)",61.5037880283889
"Remainder / Composite Plastic","Plumas (Countywide)",246.415524699443
"PETE Plastic Containers","Riverside (Countywide)",6609.22809929272
"HDPE Plastic Containers","Riverside (Countywide)",4126.81648532579
"Miscellaneous Plastic Containers","Riverside (Countywide)",3329.7559108013
"Plastic Trash Bags","Riverside (Countywide)",14020.0252958269
"Plastic Grocery and Other Merchandise Bags","Riverside (Countywide)",2376.98358268212
"Non-Bag Commercial and Industrial Packaging Film","Riverside (Countywide)",4087.969029782
"Film Products","Riverside (Countywide)",325.471545198751
"Other Film - Other","Riverside (Countywide)",15980.1269057962
"Durable Plastic Items - #2 and #5 Bulky Rigids","Riverside (Countywide)",2113.95319051279
"Durable Plastic Items - Other","Riverside (Countywide)",7375.18164281097
"Remainder / Composite Plastic","Riverside (Countywide)",28045.4012262595
"PETE Plastic Containers","Sacramento (Countywide)",5287.41942929611
"HDPE Plastic Containers","Sacramento (Countywide)",3631.17239284116
"Miscellaneous Plastic Containers","Sacramento (Countywide)",3114.95201755684
"Plastic Trash Bags","Sacramento (Countywide)",12322.800391397
"Plastic Grocery and Other Merchandise Bags","Sacramento (Countywide)",1958.58272581355
"Non-Bag Commercial and Industrial Packaging Film","Sacramento (Countywide)",3548.66424193978
"Film Products","Sacramento (Countywide)",239.147930545953
"Other Film - Other","Sacramento (Countywide)",13530.7819711662
"Durable Plastic Items - #2 and #5 Bulky Rigids","Sacramento (Countywide)",2005.80407228806
"Durable Plastic Items - Other","Sacramento (Countywide)",6644.14298057237
"Remainder / Composite Plastic","Sacramento (Countywide)",25699.0568726435
"PETE Plastic Containers","San Benito (Countywide)",139.752948687999
"HDPE Plastic Containers","San Benito (Countywide)",80.0336677794254
"Miscellaneous Plastic Containers","San Benito (Countywide)",78.9598447317
"Plastic Trash Bags","San Benito (Countywide)",303.909704944105
"Plastic Grocery and Other Merchandise Bags","San Benito (Countywide)",42.1462543931145
"Non-Bag Commercial and Industrial Packaging Film","San Benito (Countywide)",163.963283180475
"Film Products","San Benito (Countywide)",24.525772171455
"Other Film - Other","San Benito (Countywide)",401.365667295804
"Durable Plastic Items - #2 and #5 Bulky Rigids","San Benito (Countywide)",51.8466041571079
"Durable Plastic Items - Other","San Benito (Countywide)",151.496761510075
"Remainder / Composite Plastic","San Benito (Countywide)",620.004345634685
"PETE Plastic Containers","San Bernardino (Countywide)",5999.74709502385
"HDPE Plastic Containers","San Bernardino (Countywide)",3867.22566741635
"Miscellaneous Plastic Containers","San Bernardino (Countywide)",3185.5248898566
"Plastic Trash Bags","San Bernardino (Countywide)",13778.2172296057
"Plastic Grocery and Other Merchandise Bags","San Bernardino (Countywide)",2187.20601160851
"Non-Bag Commercial and Industrial Packaging Film","San Bernardino (Countywide)",4734.3896765877
"Film Products","San Bernardino (Countywide)",295.635027485881
"Other Film - Other","San Bernardino (Countywide)",15728.3412000621
"Durable Plastic Items - #2 and #5 Bulky Rigids","San Bernardino (Countywide)",2052.79767254715
"Durable Plastic Items - Other","San Bernardino (Countywide)",7449.32459335623
"Remainder / Composite Plastic","San Bernardino (Countywide)",28073.1432942784
"PETE Plastic Containers","San Diego (Countywide)",14828.0480784836
"HDPE Plastic Containers","San Diego (Countywide)",9397.26361091157
"Miscellaneous Plastic Containers","San Diego (Countywide)",8585.21775400951
"Plastic Trash Bags","San Diego (Countywide)",31588.7610881782
"Plastic Grocery and Other Merchandise Bags","San Diego (Countywide)",5488.68741973529
"Non-Bag Commercial and Industrial Packaging Film","San Diego (Countywide)",9655.73381116764
"Film Products","San Diego (Countywide)",604.728212639148
"Other Film - Other","San Diego (Countywide)",36605.606500139
"Durable Plastic Items - #2 and #5 Bulky Rigids","San Diego (Countywide)",5220.91213793469
"Durable Plastic Items - Other","San Diego (Countywide)",16941.0355579892
"Remainder / Composite Plastic","San Diego (Countywide)",68231.4919779244
"PETE Plastic Containers","San Francisco (Countywide)",7213.48292543516
"HDPE Plastic Containers","San Francisco (Countywide)",4607.35641137819
"Miscellaneous Plastic Containers","San Francisco (Countywide)",4583.80122598864
"Plastic Trash Bags","San Francisco (Countywide)",16078.2122807569
"Plastic Grocery and Other Merchandise Bags","San Francisco (Countywide)",2646.28746670954
"Non-Bag Commercial and Industrial Packaging Film","San Francisco (Countywide)",4979.01737835241
"Film Products","San Francisco (Countywide)",210.344947151811
"Other Film - Other","San Francisco (Countywide)",18289.8182690348
"Durable Plastic Items - #2 and #5 Bulky Rigids","San Francisco (Countywide)",2832.96509279802
"Durable Plastic Items - Other","San Francisco (Countywide)",8323.47581978606
"Remainder / Composite Plastic","San Francisco (Countywide)",36484.6872263998
"PETE Plastic Containers","San Joaquin (Countywide)",1879.40596980128
"HDPE Plastic Containers","San Joaquin (Countywide)",1192.89038976306
"Miscellaneous Plastic Containers","San Joaquin (Countywide)",995.70663564459
"Plastic Trash Bags","San Joaquin (Countywide)",4274.36476199702
"Plastic Grocery and Other Merchandise Bags","San Joaquin (Countywide)",662.524097154704
"Non-Bag Commercial and Industrial Packaging Film","San Joaquin (Countywide)",1875.52036514558
"Film Products","San Joaquin (Countywide)",105.026071902443
"Other Film - Other","San Joaquin (Countywide)",5272.10750901502
"Durable Plastic Items - #2 and #5 Bulky Rigids","San Joaquin (Countywide)",692.049961702281
"Durable Plastic Items - Other","San Joaquin (Countywide)",2307.37053276938
"Remainder / Composite Plastic","San Joaquin (Countywide)",8653.44278369937
"PETE Plastic Containers","San Luis Obispo (Countywide)",1077.77298836731
"HDPE Plastic Containers","San Luis Obispo (Countywide)",702.622233498403
"Miscellaneous Plastic Containers","San Luis Obispo (Countywide)",572.929951121187
"Plastic Trash Bags","San Luis Obispo (Countywide)",2443.40471026511
"Plastic Grocery and Other Merchandise Bags","San Luis Obispo (Countywide)",371.040942921378
"Non-Bag Commercial and Industrial Packaging Film","San Luis Obispo (Countywide)",756.365408806674
"Film Products","San Luis Obispo (Countywide)",59.7468389744887
"Other Film - Other","San Luis Obispo (Countywide)",2807.78487620958
"Durable Plastic Items - #2 and #5 Bulky Rigids","San Luis Obispo (Countywide)",371.670234589639
"Durable Plastic Items - Other","San Luis Obispo (Countywide)",1204.17819015003
"Remainder / Composite Plastic","San Luis Obispo (Countywide)",4761.3614269644
"PETE Plastic Containers","San Mateo (Countywide)",3702.62923588032
"HDPE Plastic Containers","San Mateo (Countywide)",2481.20518777014
"Miscellaneous Plastic Containers","San Mateo (Countywide)",2382.02615184852
"Plastic Trash Bags","San Mateo (Countywide)",8594.98906042825
"Plastic Grocery and Other Merchandise Bags","San Mateo (Countywide)",1343.81737685877
"Non-Bag Commercial and Industrial Packaging Film","San Mateo (Countywide)",3276.65390293825
"Film Products","San Mateo (Countywide)",179.904436091
"Other Film - Other","San Mateo (Countywide)",10011.0959056537
"Durable Plastic Items - #2 and #5 Bulky Rigids","San Mateo (Countywide)",1478.84024241145
"Durable Plastic Items - Other","San Mateo (Countywide)",4790.40614785712
"Remainder / Composite Plastic","San Mateo (Countywide)",19779.0376090571
"PETE Plastic Containers","Santa Barbara (Countywide)",1846.11473386833
"HDPE Plastic Containers","Santa Barbara (Countywide)",1164.05408264698
"Miscellaneous Plastic Containers","Santa Barbara (Countywide)",1012.77619074369
"Plastic Trash Bags","Santa Barbara (Countywide)",4128.48484015246
"Plastic Grocery and Other Merchandise Bags","Santa Barbara (Countywide)",637.821866727999
"Non-Bag Commercial and Industrial Packaging Film","Santa Barbara (Countywide)",1315.42389721863
"Film Products","Santa Barbara (Countywide)",109.665112671439
"Other Film - Other","Santa Barbara (Countywide)",4667.56727717775
"Durable Plastic Items - #2 and #5 Bulky Rigids","Santa Barbara (Countywide)",621.283143068232
"Durable Plastic Items - Other","Santa Barbara (Countywide)",2103.98385620449
"Remainder / Composite Plastic","Santa Barbara (Countywide)",8297.72961005799
"PETE Plastic Containers","Santa Clara (Countywide)",8956.18844351416
"HDPE Plastic Containers","Santa Clara (Countywide)",5852.46421459904
"Miscellaneous Plastic Containers","Santa Clara (Countywide)",6774.6457158791
"Plastic Trash Bags","Santa Clara (Countywide)",21093.6979270909
"Plastic Grocery and Other Merchandise Bags","Santa Clara (Countywide)",3294.27434454913
"Non-Bag Commercial and Industrial Packaging Film","Santa Clara (Countywide)",7678.9512814306
"Film Products","Santa Clara (Countywide)",415.554387607134
"Other Film - Other","Santa Clara (Countywide)",24371.6730795995
"Durable Plastic Items - #2 and #5 Bulky Rigids","Santa Clara (Countywide)",3573.0566921777
"Durable Plastic Items - Other","Santa Clara (Countywide)",12679.3262727981
"Remainder / Composite Plastic","Santa Clara (Countywide)",49517.4508144098
"PETE Plastic Containers","Santa Cruz (Countywide)",955.331671254452
"HDPE Plastic Containers","Santa Cruz (Countywide)",601.388544761925
"Miscellaneous Plastic Containers","Santa Cruz (Countywide)",513.600678722519
"Plastic Trash Bags","Santa Cruz (Countywide)",2138.7617127472
"Plastic Grocery and Other Merchandise Bags","Santa Cruz (Countywide)",323.137883265014
"Non-Bag Commercial and Industrial Packaging Film","Santa Cruz (Countywide)",728.872430979318
"Film Products","Santa Cruz (Countywide)",69.9529843106853
"Other Film - Other","Santa Cruz (Countywide)",2496.79832334822
"Durable Plastic Items - #2 and #5 Bulky Rigids","Santa Cruz (Countywide)",327.948430996141
"Durable Plastic Items - Other","Santa Cruz (Countywide)",1066.08486648273
"Remainder / Composite Plastic","Santa Cruz (Countywide)",4230.21397173117
"PETE Plastic Containers","Shasta (Countywide)",616.076230785369
"HDPE Plastic Containers","Shasta (Countywide)",398.781717239719
"Miscellaneous Plastic Containers","Shasta (Countywide)",323.533683607814
"Plastic Trash Bags","Shasta (Countywide)",1355.2532689172
"Plastic Grocery and Other Merchandise Bags","Shasta (Countywide)",231.467400193946
"Non-Bag Commercial and Industrial Packaging Film","Shasta (Countywide)",372.040348809215
"Film Products","Shasta (Countywide)",31.059871428715
"Other Film - Other","Shasta (Countywide)",1516.56574625885
"Durable Plastic Items - #2 and #5 Bulky Rigids","Shasta (Countywide)",201.749311511721
"Durable Plastic Items - Other","Shasta (Countywide)",725.413859352265
"Remainder / Composite Plastic","Shasta (Countywide)",2724.47450281503
"PETE Plastic Containers","Sierra (Countywide)",2.42486452353709
"HDPE Plastic Containers","Sierra (Countywide)",1.53578740294073
"Miscellaneous Plastic Containers","Sierra (Countywide)",1.36531464464867
"Plastic Trash Bags","Sierra (Countywide)",4.28620053630875
"Plastic Grocery and Other Merchandise Bags","Sierra (Countywide)",1.16489429683376
"Non-Bag Commercial and Industrial Packaging Film","Sierra (Countywide)",1.00970190259192
"Film Products","Sierra (Countywide)",0.0441438431573511
"Other Film - Other","Sierra (Countywide)",4.63451143124838
"Durable Plastic Items - #2 and #5 Bulky Rigids","Sierra (Countywide)",0.969018217598366
"Durable Plastic Items - Other","Sierra (Countywide)",3.31568279982576
"Remainder / Composite Plastic","Sierra (Countywide)",9.8091789246236
"PETE Plastic Containers","Siskiyou (Countywide)",137.213033978873
"HDPE Plastic Containers","Siskiyou (Countywide)",81.3457213169106
"Miscellaneous Plastic Containers","Siskiyou (Countywide)",68.8604472815805
"Plastic Trash Bags","Siskiyou (Countywide)",255.905257633529
"Plastic Grocery and Other Merchandise Bags","Siskiyou (Countywide)",52.3034818898252
"Non-Bag Commercial and Industrial Packaging Film","Siskiyou (Countywide)",73.1863462893877
"Film Products","Siskiyou (Countywide)",7.52717347378378
"Other Film - Other","Siskiyou (Countywide)",304.22150213701
"Durable Plastic Items - #2 and #5 Bulky Rigids","Siskiyou (Countywide)",41.9623461021097
"Durable Plastic Items - Other","Siskiyou (Countywide)",135.768513849629
"Remainder / Composite Plastic","Siskiyou (Countywide)",507.359224651398
"PETE Plastic Containers","Solano (Countywide)",1195.81519355355
"HDPE Plastic Containers","Solano (Countywide)",778.23465040105
"Miscellaneous Plastic Containers","Solano (Countywide)",623.803528936625
"Plastic Trash Bags","Solano (Countywide)",2673.99885171008
"Plastic Grocery and Other Merchandise Bags","Solano (Countywide)",432.45841708934
"Non-Bag Commercial and Industrial Packaging Film","Solano (Countywide)",880.718480363217
"Film Products","Solano (Countywide)",65.3731162066425
"Other Film - Other","Solano (Countywide)",3129.89268948154
"Durable Plastic Items - #2 and #5 Bulky Rigids","Solano (Countywide)",399.168367860683
"Durable Plastic Items - Other","Solano (Countywide)",1404.69355831109
"Remainder / Composite Plastic","Solano (Countywide)",5390.78080845315
"PETE Plastic Containers","Sonoma (Countywide)",1910.15908138179
"HDPE Plastic Containers","Sonoma (Countywide)",1210.06423660761
"Miscellaneous Plastic Containers","Sonoma (Countywide)",1070.26168597293
"Plastic Trash Bags","Sonoma (Countywide)",4260.68621261113
"Plastic Grocery and Other Merchandise Bags","Sonoma (Countywide)",644.832514548146
"Non-Bag Commercial and Industrial Packaging Film","Sonoma (Countywide)",1712.56337921238
"Film Products","Sonoma (Countywide)",133.418858237523
"Other Film - Other","Sonoma (Countywide)",5282.81509376018
"Durable Plastic Items - #2 and #5 Bulky Rigids","Sonoma (Countywide)",720.966198944377
"Durable Plastic Items - Other","Sonoma (Countywide)",2112.11339127844
"Remainder / Composite Plastic","Sonoma (Countywide)",8577.67994418651
"PETE Plastic Containers","Stanislaus (Countywide)",1506.38605365837
"HDPE Plastic Containers","Stanislaus (Countywide)",973.797902670311
"Miscellaneous Plastic Containers","Stanislaus (Countywide)",818.389168273683
"Plastic Trash Bags","Stanislaus (Countywide)",3556.85156476056
"Plastic Grocery and Other Merchandise Bags","Stanislaus (Countywide)",505.407291728687
"Non-Bag Commercial and Industrial Packaging Film","Stanislaus (Countywide)",1691.30305513386
"Film Products","Stanislaus (Countywide)",90.9936962826353
"Other Film - Other","Stanislaus (Countywide)",4578.00709523479
"Durable Plastic Items - #2 and #5 Bulky Rigids","Stanislaus (Countywide)",588.374481236386
"Durable Plastic Items - Other","Stanislaus (Countywide)",1793.16760994959
"Remainder / Composite Plastic","Stanislaus (Countywide)",7034.69247991098
"PETE Plastic Containers","Sutter (Countywide)",265.403196211116
"HDPE Plastic Containers","Sutter (Countywide)",166.196640363932
"Miscellaneous Plastic Containers","Sutter (Countywide)",135.97074029547
"Plastic Trash Bags","Sutter (Countywide)",585.874924316595
"Plastic Grocery and Other Merchandise Bags","Sutter (Countywide)",98.4336362330287
"Non-Bag Commercial and Industrial Packaging Film","Sutter (Countywide)",225.387908142633
"Film Products","Sutter (Countywide)",14.6404551089264
"Other Film - Other","Sutter (Countywide)",708.600763248026
"Durable Plastic Items - #2 and #5 Bulky Rigids","Sutter (Countywide)",90.0242281825568
"Durable Plastic Items - Other","Sutter (Countywide)",326.977454170424
"Remainder / Composite Plastic","Sutter (Countywide)",1178.64640665675
"PETE Plastic Containers","Tehama (Countywide)",198.918721362805
"HDPE Plastic Containers","Tehama (Countywide)",111.304434784635
"Miscellaneous Plastic Containers","Tehama (Countywide)",99.9087812458261
"Plastic Trash Bags","Tehama (Countywide)",360.710645754012
"Plastic Grocery and Other Merchandise Bags","Tehama (Countywide)",79.1423981533143
"Non-Bag Commercial and Industrial Packaging Film","Tehama (Countywide)",129.396015223325
"Film Products","Tehama (Countywide)",9.48350393211708
"Other Film - Other","Tehama (Countywide)",442.652870219685
"Durable Plastic Items - #2 and #5 Bulky Rigids","Tehama (Countywide)",61.5740475936417
"Durable Plastic Items - Other","Tehama (Countywide)",213.567044508503
"Remainder / Composite Plastic","Tehama (Countywide)",780.528193577579
"PETE Plastic Containers","Tuolumne (Countywide)",173.747951185011
"HDPE Plastic Containers","Tuolumne (Countywide)",107.518293273066
"Miscellaneous Plastic Containers","Tuolumne (Countywide)",87.8548839460029
"Plastic Trash Bags","Tuolumne (Countywide)",388.571116164802
"Plastic Grocery and Other Merchandise Bags","Tuolumne (Countywide)",59.5448340172337
"Non-Bag Commercial and Industrial Packaging Film","Tuolumne (Countywide)",97.061213195629
"Film Products","Tuolumne (Countywide)",9.63283805668599
"Other Film - Other","Tuolumne (Countywide)",425.2273977722
"Durable Plastic Items - #2 and #5 Bulky Rigids","Tuolumne (Countywide)",52.0561185922131
"Durable Plastic Items - Other","Tuolumne (Countywide)",188.307075845823
"Remainder / Composite Plastic","Tuolumne (Countywide)",775.247628537036
"PETE Plastic Containers","Trinity (Countywide)",38.3241725958759
"HDPE Plastic Containers","Trinity (Countywide)",21.7470067749188
"Miscellaneous Plastic Containers","Trinity (Countywide)",19.2946194133827
"Plastic Trash Bags","Trinity (Countywide)",59.7492737579487
"Plastic Grocery and Other Merchandise Bags","Trinity (Countywide)",15.9122427384149
"Non-Bag Commercial and Industrial Packaging Film","Trinity (Countywide)",13.1086930399004
"Film Products","Trinity (Countywide)",1.30737976649214
"Other Film - Other","Trinity (Countywide)",72.2525143250367
"Durable Plastic Items - #2 and #5 Bulky Rigids","Trinity (Countywide)",11.4304905643666
"Durable Plastic Items - Other","Trinity (Countywide)",34.9773960826698
"Remainder / Composite Plastic","Trinity (Countywide)",126.101692429899
"PETE Plastic Containers","Tulare (Countywide)",1136.02379441607
"HDPE Plastic Containers","Tulare (Countywide)",714.907877201733
"Miscellaneous Plastic Containers","Tulare (Countywide)",574.768676869358
"Plastic Trash Bags","Tulare (Countywide)",2705.51512899377
"Plastic Grocery and Other Merchandise Bags","Tulare (Countywide)",398.475630768517
"Non-Bag Commercial and Industrial Packaging Film","Tulare (Countywide)",1271.3824967044
"Film Products","Tulare (Countywide)",85.6961116965665
"Other Film - Other","Tulare (Countywide)",3260.31378982149
"Durable Plastic Items - #2 and #5 Bulky Rigids","Tulare (Countywide)",389.194939624371
"Durable Plastic Items - Other","Tulare (Countywide)",1522.04587477857
"Remainder / Composite Plastic","Tulare (Countywide)",5318.22254485194
"PETE Plastic Containers","Ventura (Countywide)",2840.92155942947
"HDPE Plastic Containers","Ventura (Countywide)",1836.58665469161
"Miscellaneous Plastic Containers","Ventura (Countywide)",1617.48411136774
"Plastic Trash Bags","Ventura (Countywide)",6532.93044537036
"Plastic Grocery and Other Merchandise Bags","Ventura (Countywide)",1014.48288951868
"Non-Bag Commercial and Industrial Packaging Film","Ventura (Countywide)",2366.80429023144
"Film Products","Ventura (Countywide)",177.939661499749
"Other Film - Other","Ventura (Countywide)",7619.86962660929
"Durable Plastic Items - #2 and #5 Bulky Rigids","Ventura (Countywide)",990.4123180159
"Durable Plastic Items - Other","Ventura (Countywide)",3575.98284597637
"Remainder / Composite Plastic","Ventura (Countywide)",13851.6885968991
"PETE Plastic Containers","Yolo (Countywide)",696.467968180298
"HDPE Plastic Containers","Yolo (Countywide)",444.839297502943
"Miscellaneous Plastic Containers","Yolo (Countywide)",408.072674322135
"Plastic Trash Bags","Yolo (Countywide)",1486.69141763115
"Plastic Grocery and Other Merchandise Bags","Yolo (Countywide)",266.504318530161
"Non-Bag Commercial and Industrial Packaging Film","Yolo (Countywide)",708.335596343814
"Film Products","Yolo (Countywide)",43.8727288543663
"Other Film - Other","Yolo (Countywide)",1905.60648318299
"Durable Plastic Items - #2 and #5 Bulky Rigids","Yolo (Countywide)",268.580972216331
"Durable Plastic Items - Other","Yolo (Countywide)",854.191427223078
"Remainder / Composite Plastic","Yolo (Countywide)",3246.34821811473
"PETE Plastic Containers","Yuba (Countywide)",152.505270205791
"HDPE Plastic Containers","Yuba (Countywide)",92.0337056620138
"Miscellaneous Plastic Containers","Yuba (Countywide)",77.9012210606308
"Plastic Trash Bags","Yuba (Countywide)",299.955944334903
"Plastic Grocery and Other Merchandise Bags","Yuba (Countywide)",58.4836761066488
"Non-Bag Commercial and Industrial Packaging Film","Yuba (Countywide)",78.5633583507967
"Film Products","Yuba (Countywide)",7.17159051558309
"Other Film - Other","Yuba (Countywide)",334.550102716429
"Durable Plastic Items - #2 and #5 Bulky Rigids","Yuba (Countywide)",45.9572699241548
"Durable Plastic Items - Other","Yuba (Countywide)",164.146110366939
"Remainder / Composite Plastic","Yuba (Countywide)",598.03506975273
